verbose,total_opt_steps,N_epoch,N_E_traj,add_history,N_agg_iter,random_demos,RL_expert_folder,RL_expert_load_best,learning_rate,H_dims,loss_function,partial_obs,result_path,kill_feats,pair_E_s0,run_seed,opt_seed,pi0_BC_init,density_ratio_feature_map,adversary_feature_map,linear,N_test_E_traj,N_test_rollout,batch_size,reinit_opt,resume_BC,record_intermediate,NN_mid_as_feats,N_FAIL_samps,render,switch_2_E_after,RL_expert_exp_id,RL_expert_algo,T_max,alg,env_id,N_E_samp,w_max,w_min,final,w_ESS,reward,reward_std,loss_test,loss_train,class_test,runtime,results_path,render_final,best_ind
4,8000000,10,25,False,5,False,my_RL_experts,True,0.0001,[512],mse,False,results/results-HalfCheetah-v2--exp0.csv,,False,,,True,linear,poly 2,False,10,10,128,False,False,True,False,1.0,False,10000000000.0,0,,10000.0,BC,HalfCheetah-v2,25000,1.0,1.0,False,25000.0,515.4725656081926,1951.1915395145693,0.16712084412574768,0.14666607975959778,0.16712084412574768,9.045576997598012,,,
4,16000000,10,25,False,5,False,my_RL_experts,True,0.0001,[512],mse,False,results/results-HalfCheetah-v2--exp0.csv,,False,,,True,linear,poly 2,False,10,10,128,False,False,True,False,1.0,False,10000000000.0,0,,10000.0,BC,HalfCheetah-v2,25000,1.0,1.0,False,25000.0,1018.3761961141067,2382.821966065376,0.1427859216928482,0.11840087920427322,0.1427859216928482,18.36793673038483,,,
4,24000000,10,25,False,5,False,my_RL_experts,True,0.0001,[512],mse,False,results/results-HalfCheetah-v2--exp0.csv,,False,,,True,linear,poly 2,False,10,10,128,False,False,True,False,1.0,False,10000000000.0,0,,10000.0,BC,HalfCheetah-v2,25000,1.0,1.0,False,25000.0,-1197.5030358182555,7303.863208346499,0.13070861995220184,0.10402154177427292,0.13070861995220184,27.982649306456253,,,
4,32000000,10,25,False,5,False,my_RL_experts,True,0.0001,[512],mse,False,results/results-HalfCheetah-v2--exp0.csv,,False,,,True,linear,poly 2,False,10,10,128,False,False,True,False,1.0,False,10000000000.0,0,,10000.0,BC,HalfCheetah-v2,25000,1.0,1.0,False,25000.0,-314.07947737832694,501.73273346602286,0.12335717678070067,0.095368854701519,0.12335717678070067,36.68941931327184,,,
4,40000000,10,25,False,5,False,my_RL_experts,True,0.0001,[512],mse,False,results/results-HalfCheetah-v2--exp0.csv,,False,,,True,linear,poly 2,False,10,10,128,False,False,True,False,1.0,False,10000000000.0,0,,10000.0,BC,HalfCheetah-v2,25000,1.0,1.0,True,25000.0,725.551121237876,3145.120091768274,0.11760187894105913,0.08801446110010147,0.11760187894105913,46.62352769772212,,,
4,8000000,10,25,False,5,False,my_RL_experts,True,0.0001,[512],L2,False,results/results-HalfCheetah-v2--exp0.csv,,False,,,True,linear,poly 2,False,10,10,128,False,False,True,False,1.0,False,10000000000.0,0,,10000.0,BC,HalfCheetah-v2,25000,1.0,1.0,False,25000.0,-343.5023259567325,301.8949422028768,0.3230782747268677,0.30443093180656433,0.3230782747268677,10.207731862862904,,,
4,16000000,10,25,False,5,False,my_RL_experts,True,0.0001,[512],L2,False,results/results-HalfCheetah-v2--exp0.csv,,False,,,True,linear,poly 2,False,10,10,128,False,False,True,False,1.0,False,10000000000.0,0,,10000.0,BC,HalfCheetah-v2,25000,1.0,1.0,False,25000.0,-137.42375489231836,854.1515293036148,0.2999431788921356,0.2787854075431824,0.2999431788921356,21.680318737030028,,,
4,24000000,10,25,False,5,False,my_RL_experts,True,0.0001,[512],L2,False,results/results-HalfCheetah-v2--exp0.csv,,False,,,True,linear,poly 2,False,10,10,128,False,False,True,False,1.0,False,10000000000.0,0,,10000.0,BC,HalfCheetah-v2,25000,1.0,1.0,False,25000.0,87.81869511476673,1372.0368786954637,0.28263863921165466,0.25918444991111755,0.28263863921165466,33.615396507581075,,,
4,32000000,10,25,False,5,False,my_RL_experts,True,0.0001,[512],L2,False,results/results-HalfCheetah-v2--exp0.csv,,False,,,True,linear,poly 2,False,10,10,128,False,False,True,False,1.0,False,10000000000.0,0,,10000.0,BC,HalfCheetah-v2,25000,1.0,1.0,False,25000.0,-1123.6812753836741,9672.660737602193,0.2722669243812561,0.247515082359314,0.2722669243812561,45.89608294169109,,,
4,40000000,10,25,False,5,False,my_RL_experts,True,0.0001,[512],L2,False,results/results-HalfCheetah-v2--exp0.csv,,False,,,True,linear,poly 2,False,10,10,128,False,False,True,False,1.0,False,10000000000.0,0,,10000.0,BC,HalfCheetah-v2,25000,1.0,1.0,True,25000.0,-1850.782629607341,8063.942100429373,0.26924991607666016,0.2440338432788849,0.26924991607666016,57.9627145965894,,,
4,8000000,10,25,False,5,False,my_RL_experts,True,0.0001,[512],L1,False,results/results-HalfCheetah-v2--exp0.csv,,False,,,True,linear,poly 2,False,10,10,128,False,False,True,False,1.0,False,10000000000.0,0,,10000.0,BC,HalfCheetah-v2,25000,1.0,1.0,False,25000.0,89.20682621242878,297.44836500736784,0.62041836977005,0.5839141607284546,0.62041836977005,10.514887861410775,,,
4,16000000,10,25,False,5,False,my_RL_experts,True,0.0001,[512],L1,False,results/results-HalfCheetah-v2--exp0.csv,,False,,,True,linear,poly 2,False,10,10,128,False,False,True,False,1.0,False,10000000000.0,0,,10000.0,BC,HalfCheetah-v2,25000,1.0,1.0,False,25000.0,-2890.9477953740334,7515.730600761271,0.5736281871795654,0.5341123938560486,0.5736281871795654,21.64030434687932,,,
4,24000000,10,25,False,5,False,my_RL_experts,True,0.0001,[512],L1,False,results/results-HalfCheetah-v2--exp0.csv,,False,,,True,linear,poly 2,False,10,10,128,False,False,True,False,1.0,False,10000000000.0,0,,10000.0,BC,HalfCheetah-v2,25000,1.0,1.0,False,25000.0,-4706.947970379586,16553.93311095257,0.5426002740859985,0.4994869530200958,0.5426002740859985,32.91147660017013,,,
4,32000000,10,25,False,5,False,my_RL_experts,True,0.0001,[512],L1,False,results/results-HalfCheetah-v2--exp0.csv,,False,,,True,linear,poly 2,False,10,10,128,False,False,True,False,1.0,False,10000000000.0,0,,10000.0,BC,HalfCheetah-v2,25000,1.0,1.0,False,25000.0,-5351.648845249068,22797.066863705768,0.5189217329025269,0.4727194905281067,0.5189217329025269,44.24855708281199,,,
4,40000000,10,25,False,5,False,my_RL_experts,True,0.0001,[512],L1,False,results/results-HalfCheetah-v2--exp0.csv,,False,,,True,linear,poly 2,False,10,10,128,False,False,True,False,1.0,False,10000000000.0,0,,10000.0,BC,HalfCheetah-v2,25000,1.0,1.0,True,25000.0,-7295.640202745201,17355.734175087877,0.5083702802658081,0.4603979289531708,0.5083702802658081,55.35162043968837,,,
4,8000000,10,25,False,5,False,my_RL_experts,True,0.0001,[512],logcosh,False,results/results-HalfCheetah-v2--exp0.csv,,False,,,True,linear,poly 2,False,10,10,128,False,False,True,False,1.0,False,10000000000.0,0,,10000.0,BC,HalfCheetah-v2,25000,1.0,1.0,False,25000.0,-688.8473515512346,5790.514083563392,0.07872121036052704,0.06970103085041046,0.07872121036052704,10.624506386121114,,,
4,16000000,10,25,False,5,False,my_RL_experts,True,0.0001,[512],logcosh,False,results/results-HalfCheetah-v2--exp0.csv,,False,,,True,linear,poly 2,False,10,10,128,False,False,True,False,1.0,False,10000000000.0,0,,10000.0,BC,HalfCheetah-v2,25000,1.0,1.0,False,25000.0,-2551.215306649465,6567.657952639575,0.06758688390254974,0.05712760239839554,0.06758688390254974,22.09257737398148,,,
4,24000000,10,25,False,5,False,my_RL_experts,True,0.0001,[512],logcosh,False,results/results-HalfCheetah-v2--exp0.csv,,False,,,True,linear,poly 2,False,10,10,128,False,False,True,False,1.0,False,10000000000.0,0,,10000.0,BC,HalfCheetah-v2,25000,1.0,1.0,False,25000.0,-1738.9794102727612,9091.757992576588,0.06238104775547981,0.05065089464187622,0.06238104775547981,33.62063452005386,,,
4,32000000,10,25,False,5,False,my_RL_experts,True,0.0001,[512],logcosh,False,results/results-HalfCheetah-v2--exp0.csv,,False,,,True,linear,poly 2,False,10,10,128,False,False,True,False,1.0,False,10000000000.0,0,,10000.0,BC,HalfCheetah-v2,25000,1.0,1.0,False,25000.0,-2021.2188898581528,7157.5082338667735,0.059422723948955536,0.0469028614461422,0.059422723948955536,45.17562011480332,,,
4,40000000,10,25,False,5,False,my_RL_experts,True,0.0001,[512],logcosh,False,results/results-HalfCheetah-v2--exp0.csv,,False,,,True,linear,poly 2,False,10,10,128,False,False,True,False,1.0,False,10000000000.0,0,,10000.0,BC,HalfCheetah-v2,25000,1.0,1.0,True,25000.0,-15050.63857533127,33842.70686666223,0.05633707344532012,0.04353800788521767,0.05633707344532012,56.27736047108968,,,
4,8000000,10,25,False,5,False,my_RL_experts,True,0.01,[512],mse,False,results/results-HalfCheetah-v2--exp0.csv,,False,,,True,linear,poly 2,False,10,10,128,False,False,True,False,1.0,False,10000000000.0,0,,10000.0,BC,HalfCheetah-v2,25000,1.0,1.0,False,25000.0,-5610.513897817789,19215.18050180291,0.19100655615329745,0.1772262305021286,0.19100655615329745,11.987193822860718,,,
4,16000000,10,25,False,5,False,my_RL_experts,True,0.01,[512],mse,False,results/results-HalfCheetah-v2--exp0.csv,,False,,,True,linear,poly 2,False,10,10,128,False,False,True,False,1.0,False,10000000000.0,0,,10000.0,BC,HalfCheetah-v2,25000,1.0,1.0,False,25000.0,-11462.0499686949,37939.032635343836,0.20454250276088715,0.18975771963596344,0.20454250276088715,24.178300217787427,,,
4,24000000,10,25,False,5,False,my_RL_experts,True,0.01,[512],mse,False,results/results-HalfCheetah-v2--exp0.csv,,False,,,True,linear,poly 2,False,10,10,128,False,False,True,False,1.0,False,10000000000.0,0,,10000.0,BC,HalfCheetah-v2,25000,1.0,1.0,False,25000.0,-3823.02212801485,23926.994456834876,0.1958307772874832,0.1741103082895279,0.1958307772874832,35.88002455234528,,,
4,32000000,10,25,False,5,False,my_RL_experts,True,0.01,[512],mse,False,results/results-HalfCheetah-v2--exp0.csv,,False,,,True,linear,poly 2,False,10,10,128,False,False,True,False,1.0,False,10000000000.0,0,,10000.0,BC,HalfCheetah-v2,25000,1.0,1.0,False,25000.0,-20320.9731396743,86683.89809897811,0.18679113686084747,0.16546931862831116,0.18679113686084747,48.0913289586703,,,
4,40000000,10,25,False,5,False,my_RL_experts,True,0.01,[512],mse,False,results/results-HalfCheetah-v2--exp0.csv,,False,,,True,linear,poly 2,False,10,10,128,False,False,True,False,1.0,False,10000000000.0,0,,10000.0,BC,HalfCheetah-v2,25000,1.0,1.0,True,25000.0,-88788.3287578688,260213.69626429764,0.1786317080259323,0.1592053323984146,0.1786317080259323,59.114197242259976,,,
4,8000000,10,25,False,5,False,my_RL_experts,True,0.01,[512],mse,False,results/results-HalfCheetah-v2--exp0.csv,,False,,,True,linear,poly 2,False,10,10,128,False,False,True,False,1.0,False,10000000000.0,0,,10000.0,BC,HalfCheetah-v2,25000,1.0,1.0,False,25000.0,-12092.275406143148,26456.081802529694,0.1809655278921128,0.16493937373161316,0.1809655278921128,7.070785657564799,,,
4,16000000,10,25,False,5,False,my_RL_experts,True,0.01,[512],mse,False,results/results-HalfCheetah-v2--exp0.csv,,False,,,True,linear,poly 2,False,10,10,128,False,False,True,False,1.0,False,10000000000.0,0,,10000.0,BC,HalfCheetah-v2,25000,1.0,1.0,False,25000.0,-14379.223028549844,25246.0222187538,0.19506315886974326,0.17165951430797574,0.19506315886974326,14.115454693635304,,,
4,24000000,10,25,False,5,False,my_RL_experts,True,0.01,[512],mse,False,results/results-HalfCheetah-v2--exp0.csv,,False,,,True,linear,poly 2,False,10,10,128,False,False,True,False,1.0,False,10000000000.0,0,,10000.0,BC,HalfCheetah-v2,25000,1.0,1.0,False,25000.0,-36154.266843393874,11002.250892472865,0.1832141429185868,0.16465479135513306,0.1832141429185868,21.21474817991257,,,
4,32000000,10,25,False,5,False,my_RL_experts,True,0.01,[512],mse,False,results/results-HalfCheetah-v2--exp0.csv,,False,,,True,linear,poly 2,False,10,10,128,False,False,True,False,1.0,False,10000000000.0,0,,10000.0,BC,HalfCheetah-v2,25000,1.0,1.0,False,25000.0,-40133.00289683089,85111.47619732206,0.1810029298067093,0.1556611955165863,0.1810029298067093,28.28627179861069,,,
4,40000000,10,25,False,5,False,my_RL_experts,True,0.01,[512],mse,False,results/results-HalfCheetah-v2--exp0.csv,,False,,,True,linear,poly 2,False,10,10,128,False,False,True,False,1.0,False,10000000000.0,0,,10000.0,BC,HalfCheetah-v2,25000,1.0,1.0,True,25000.0,-86860.11384629463,117753.78469584616,0.179212749004364,0.160290464758873,0.179212749004364,34.628880572319034,,,
4,8000000,10,25,False,5,False,my_RL_experts,True,0.01,[512],mse,False,results/results-HalfCheetah-v2--exp0.csv,,False,,,True,linear,poly 2,False,10,10,128,False,False,True,False,1.0,False,10000000000.0,0,,10000.0,BC,HalfCheetah-v2,25000,1.0,1.0,False,25000.0,-92360.41325900688,62178.85812769805,0.1814441829919815,0.15945641696453094,0.1814441829919815,6.843434417247773,,,
4,16000000,10,25,False,5,False,my_RL_experts,True,0.01,[512],mse,False,results/results-HalfCheetah-v2--exp0.csv,,False,,,True,linear,poly 2,False,10,10,128,False,False,True,False,1.0,False,10000000000.0,0,,10000.0,BC,HalfCheetah-v2,25000,1.0,1.0,False,25000.0,-239606.7028368857,26324.48946687748,0.195417121052742,0.17165330052375793,0.195417121052742,13.033934132258098,,,
4,24000000,10,25,False,5,False,my_RL_experts,True,0.01,[512],mse,False,results/results-HalfCheetah-v2--exp0.csv,,False,,,True,linear,poly 2,False,10,10,128,False,False,True,False,1.0,False,10000000000.0,0,,10000.0,BC,HalfCheetah-v2,25000,1.0,1.0,False,25000.0,-171014.86086205803,79186.15656135809,0.17831425368785858,0.15572234988212585,0.17831425368785858,18.77365962266921,,,
4,32000000,10,25,False,5,False,my_RL_experts,True,0.01,[512],mse,False,results/results-HalfCheetah-v2--exp0.csv,,False,,,True,linear,poly 2,False,10,10,128,False,False,True,False,1.0,False,10000000000.0,0,,10000.0,BC,HalfCheetah-v2,25000,1.0,1.0,False,25000.0,-102283.86643104508,94232.14527741424,0.1816166490316391,0.1626838743686676,0.1816166490316391,24.53293059269588,,,
4,40000000,10,25,False,5,False,my_RL_experts,True,0.01,[512],mse,False,results/results-HalfCheetah-v2--exp0.csv,,False,,,True,linear,poly 2,False,10,10,128,False,False,True,False,1.0,False,10000000000.0,0,,10000.0,BC,HalfCheetah-v2,25000,1.0,1.0,True,25000.0,-31449.31487227564,55249.1852116775,0.18034373223781586,0.16319768130779266,0.18034373223781586,30.11113943656285,,,
4,6000000,10,25,False,10,False,my_RL_experts,True,0.0001,[512],mse,False,results/results-HalfCheetah-v2--exp0.csv,,False,,,True,linear,poly 2,False,10,10,128,False,False,True,False,1.0,False,10000000000.0,0,,10000.0,BC,HalfCheetah-v2,25000,1.0,1.0,False,25000.0,584.5638846095076,317.9524039457204,0.17810486257076266,0.15942580997943878,0.17810486257076266,6.069877183437347,,,
4,12000000,10,25,False,10,False,my_RL_experts,True,0.0001,[512],mse,False,results/results-HalfCheetah-v2--exp0.csv,,False,,,True,linear,poly 2,False,10,10,128,False,False,True,False,1.0,False,10000000000.0,0,,10000.0,BC,HalfCheetah-v2,25000,1.0,1.0,False,25000.0,-4940.28794879375,16291.992584373746,0.15390965342521667,0.1320643424987793,0.15390965342521667,12.337572729587555,,,
4,18000000,10,25,False,10,False,my_RL_experts,True,0.0001,[512],mse,False,results/results-HalfCheetah-v2--exp0.csv,,False,,,True,linear,poly 2,False,10,10,128,False,False,True,False,1.0,False,10000000000.0,0,,10000.0,BC,HalfCheetah-v2,25000,1.0,1.0,False,25000.0,-415.7066911615886,4508.659240872214,0.14107024669647214,0.11811082810163498,0.14107024669647214,18.487001391251887,,,
4,24000000,10,25,False,10,False,my_RL_experts,True,0.0001,[512],mse,False,results/results-HalfCheetah-v2--exp0.csv,,False,,,True,linear,poly 2,False,10,10,128,False,False,True,False,1.0,False,10000000000.0,0,,10000.0,BC,HalfCheetah-v2,25000,1.0,1.0,False,25000.0,-1407.9901656547745,8240.541156352858,0.13112646341323853,0.10608517378568648,0.13112646341323853,24.02764511505763,,,
4,30000000,10,25,False,10,False,my_RL_experts,True,0.0001,[512],mse,False,results/results-HalfCheetah-v2--exp0.csv,,False,,,True,linear,poly 2,False,10,10,128,False,False,True,False,1.0,False,10000000000.0,0,,10000.0,BC,HalfCheetah-v2,25000,1.0,1.0,False,25000.0,1073.2519179600838,3789.153631810382,0.12401783466339113,0.09776265919208528,0.12401783466339113,29.537061127026877,,,
4,36000000,10,25,False,10,False,my_RL_experts,True,0.0001,[512],mse,False,results/results-HalfCheetah-v2--exp0.csv,,False,,,True,linear,poly 2,False,10,10,128,False,False,True,False,1.0,False,10000000000.0,0,,10000.0,BC,HalfCheetah-v2,25000,1.0,1.0,False,25000.0,1272.087002182113,5539.953928268289,0.11971816420555115,0.0923181250691414,0.11971816420555115,35.1908350666364,,,
4,42000000,10,25,False,10,False,my_RL_experts,True,0.0001,[512],mse,False,results/results-HalfCheetah-v2--exp0.csv,,False,,,True,linear,poly 2,False,10,10,128,False,False,True,False,1.0,False,10000000000.0,0,,10000.0,BC,HalfCheetah-v2,25000,1.0,1.0,False,25000.0,-1175.6409806541756,4344.641485655173,0.1164776012301445,0.08850914984941483,0.1164776012301445,40.89733707110087,,,
4,48000000,10,25,False,10,False,my_RL_experts,True,0.0001,[512],mse,False,results/results-HalfCheetah-v2--exp0.csv,,False,,,True,linear,poly 2,False,10,10,128,False,False,True,False,1.0,False,10000000000.0,0,,10000.0,BC,HalfCheetah-v2,25000,1.0,1.0,False,25000.0,256.8138610656364,4139.196583888399,0.1138669326901436,0.08472081273794174,0.1138669326901436,46.60514719088872,,,
4,54000000,10,25,False,10,False,my_RL_experts,True,0.0001,[512],mse,False,results/results-HalfCheetah-v2--exp0.csv,,False,,,True,linear,poly 2,False,10,10,128,False,False,True,False,1.0,False,10000000000.0,0,,10000.0,BC,HalfCheetah-v2,25000,1.0,1.0,False,25000.0,966.7227493794148,4007.448745701653,0.11376458406448366,0.08348459005355835,0.11376458406448366,52.29954151312511,,,
4,60000000,10,25,False,10,False,my_RL_experts,True,0.0001,[512],mse,False,results/results-HalfCheetah-v2--exp0.csv,,False,,,True,linear,poly 2,False,10,10,128,False,False,True,False,1.0,False,10000000000.0,0,,10000.0,BC,HalfCheetah-v2,25000,1.0,1.0,True,25000.0,-516.2787290805567,4154.7948861946115,0.11328568309545516,0.08201579749584198,0.11328568309545516,58.03545740445455,,,
4,6000000,10,25,False,10,False,my_RL_experts,True,0.0003,[512],mse,False,results/results-HalfCheetah-v2--exp0.csv,,False,,,True,linear,poly 2,False,10,10,128,False,False,True,False,1.0,False,10000000000.0,0,,10000.0,BC,HalfCheetah-v2,25000,1.0,1.0,False,25000.0,1531.5089428906274,1550.7294575187009,0.1509120613336563,0.12822097539901733,0.1509120613336563,6.2356409867604565,,,
4,12000000,10,25,False,10,False,my_RL_experts,True,0.0003,[512],mse,False,results/results-HalfCheetah-v2--exp0.csv,,False,,,True,linear,poly 2,False,10,10,128,False,False,True,False,1.0,False,10000000000.0,0,,10000.0,BC,HalfCheetah-v2,25000,1.0,1.0,False,25000.0,-864.1358200109095,7612.201234750958,0.12746670842170715,0.10196338593959807,0.12746670842170715,12.484604569276176,,,
4,18000000,10,25,False,10,False,my_RL_experts,True,0.0003,[512],mse,False,results/results-HalfCheetah-v2--exp0.csv,,False,,,True,linear,poly 2,False,10,10,128,False,False,True,False,1.0,False,10000000000.0,0,,10000.0,BC,HalfCheetah-v2,25000,1.0,1.0,False,25000.0,-1264.2848953249795,7872.595180128504,0.12086928635835648,0.0937899574637413,0.12086928635835648,18.590996472040807,,,
4,24000000,10,25,False,10,False,my_RL_experts,True,0.0003,[512],mse,False,results/results-HalfCheetah-v2--exp0.csv,,False,,,True,linear,poly 2,False,10,10,128,False,False,True,False,1.0,False,10000000000.0,0,,10000.0,BC,HalfCheetah-v2,25000,1.0,1.0,False,25000.0,-3740.8294984895833,15731.50937061066,0.11528265476226808,0.08573707193136215,0.11528265476226808,24.010851800441745,,,
4,30000000,10,25,False,10,False,my_RL_experts,True,0.0003,[512],mse,False,results/results-HalfCheetah-v2--exp0.csv,,False,,,True,linear,poly 2,False,10,10,128,False,False,True,False,1.0,False,10000000000.0,0,,10000.0,BC,HalfCheetah-v2,25000,1.0,1.0,False,25000.0,989.5856455061104,4803.966591019873,0.10925471037626266,0.07850802689790726,0.10925471037626266,29.554433166980747,,,
4,36000000,10,25,False,10,False,my_RL_experts,True,0.0003,[512],mse,False,results/results-HalfCheetah-v2--exp0.csv,,False,,,True,linear,poly 2,False,10,10,128,False,False,True,False,1.0,False,10000000000.0,0,,10000.0,BC,HalfCheetah-v2,25000,1.0,1.0,False,25000.0,-27.502068984521827,13917.87005239569,0.1179068610072136,0.08618610352277756,0.1179068610072136,35.21550601323445,,,
4,42000000,10,25,False,10,False,my_RL_experts,True,0.0003,[512],mse,False,results/results-HalfCheetah-v2--exp0.csv,,False,,,True,linear,poly 2,False,10,10,128,False,False,True,False,1.0,False,10000000000.0,0,,10000.0,BC,HalfCheetah-v2,25000,1.0,1.0,False,25000.0,-1339.6671463364526,8204.020829144481,0.10806983709335327,0.0767897218465805,0.10806983709335327,40.8995326757431,,,
4,48000000,10,25,False,10,False,my_RL_experts,True,0.0003,[512],mse,False,results/results-HalfCheetah-v2--exp0.csv,,False,,,True,linear,poly 2,False,10,10,128,False,False,True,False,1.0,False,10000000000.0,0,,10000.0,BC,HalfCheetah-v2,25000,1.0,1.0,False,25000.0,706.8678790461287,5187.441622809239,0.1047486960887909,0.07232668250799179,0.1047486960887909,46.59421435197194,,,
4,54000000,10,25,False,10,False,my_RL_experts,True,0.0003,[512],mse,False,results/results-HalfCheetah-v2--exp0.csv,,False,,,True,linear,poly 2,False,10,10,128,False,False,True,False,1.0,False,10000000000.0,0,,10000.0,BC,HalfCheetah-v2,25000,1.0,1.0,False,25000.0,-1553.919556431003,10552.423935283125,0.10214130580425262,0.06917356699705124,0.10214130580425262,52.236490937074024,,,
4,60000000,10,25,False,10,False,my_RL_experts,True,0.0003,[512],mse,False,results/results-HalfCheetah-v2--exp0.csv,,False,,,True,linear,poly 2,False,10,10,128,False,False,True,False,1.0,False,10000000000.0,0,,10000.0,BC,HalfCheetah-v2,25000,1.0,1.0,True,25000.0,-4449.816420601114,16987.180892069384,0.10198726505041122,0.06758218258619307,0.10198726505041122,57.87150336901348,,,
4,6000000,10,25,False,10,False,my_RL_experts,True,0.001,[512],mse,False,results/results-HalfCheetah-v2--exp0.csv,,False,,,True,linear,poly 2,False,10,10,128,False,False,True,False,1.0,False,10000000000.0,0,,10000.0,BC,HalfCheetah-v2,25000,1.0,1.0,False,25000.0,-2515.6817160169826,8144.2446413322095,0.137927308678627,0.1156889945268631,0.137927308678627,6.300562262535095,,,
4,12000000,10,25,False,10,False,my_RL_experts,True,0.001,[512],mse,False,results/results-HalfCheetah-v2--exp0.csv,,False,,,True,linear,poly 2,False,10,10,128,False,False,True,False,1.0,False,10000000000.0,0,,10000.0,BC,HalfCheetah-v2,25000,1.0,1.0,False,25000.0,-35652.32682599337,85413.88084725464,0.12422042340040207,0.10175233334302902,0.12422042340040207,12.490166330337525,,,
4,18000000,10,25,False,10,False,my_RL_experts,True,0.001,[512],mse,False,results/results-HalfCheetah-v2--exp0.csv,,False,,,True,linear,poly 2,False,10,10,128,False,False,True,False,1.0,False,10000000000.0,0,,10000.0,BC,HalfCheetah-v2,25000,1.0,1.0,False,25000.0,-28634.06205193491,42321.991843942145,0.10798067599534987,0.07948406040668488,0.10798067599534987,18.574637814362845,,,
4,24000000,10,25,False,10,False,my_RL_experts,True,0.001,[512],mse,False,results/results-HalfCheetah-v2--exp0.csv,,False,,,True,linear,poly 2,False,10,10,128,False,False,True,False,1.0,False,10000000000.0,0,,10000.0,BC,HalfCheetah-v2,25000,1.0,1.0,False,25000.0,-19667.58176730317,19065.958152950123,0.11089415103197098,0.08201075345277786,0.11089415103197098,23.94116137822469,,,
4,30000000,10,25,False,10,False,my_RL_experts,True,0.001,[512],mse,False,results/results-HalfCheetah-v2--exp0.csv,,False,,,True,linear,poly 2,False,10,10,128,False,False,True,False,1.0,False,10000000000.0,0,,10000.0,BC,HalfCheetah-v2,25000,1.0,1.0,False,25000.0,-26110.496690713662,36770.96729860678,0.08996252715587616,0.061260845512151725,0.08996252715587616,29.503637766838075,,,
4,36000000,10,25,False,10,False,my_RL_experts,True,0.001,[512],mse,False,results/results-HalfCheetah-v2--exp0.csv,,False,,,True,linear,poly 2,False,10,10,128,False,False,True,False,1.0,False,10000000000.0,0,,10000.0,BC,HalfCheetah-v2,25000,1.0,1.0,False,25000.0,-28465.435226490365,18396.19189511066,0.10590138286352158,0.07530126720666885,0.10590138286352158,35.18065441846848,,,
4,42000000,10,25,False,10,False,my_RL_experts,True,0.001,[512],mse,False,results/results-HalfCheetah-v2--exp0.csv,,False,,,True,linear,poly 2,False,10,10,128,False,False,True,False,1.0,False,10000000000.0,0,,10000.0,BC,HalfCheetah-v2,25000,1.0,1.0,False,25000.0,-24007.298114474994,54191.06618768302,0.09533993899822236,0.06495334953069687,0.09533993899822236,40.85148025751114,,,
4,48000000,10,25,False,10,False,my_RL_experts,True,0.001,[512],mse,False,results/results-HalfCheetah-v2--exp0.csv,,False,,,True,linear,poly 2,False,10,10,128,False,False,True,False,1.0,False,10000000000.0,0,,10000.0,BC,HalfCheetah-v2,25000,1.0,1.0,False,25000.0,-46209.19788798368,78416.17667601426,0.09018560498952866,0.0591120645403862,0.09018560498952866,46.52648912270865,,,
4,54000000,10,25,False,10,False,my_RL_experts,True,0.001,[512],mse,False,results/results-HalfCheetah-v2--exp0.csv,,False,,,True,linear,poly 2,False,10,10,128,False,False,True,False,1.0,False,10000000000.0,0,,10000.0,BC,HalfCheetah-v2,25000,1.0,1.0,False,25000.0,-47983.05333397506,37025.745052190876,0.08693934231996536,0.05512367561459541,0.08693934231996536,52.175693051020296,,,
4,60000000,10,25,False,10,False,my_RL_experts,True,0.001,[512],mse,False,results/results-HalfCheetah-v2--exp0.csv,,False,,,True,linear,poly 2,False,10,10,128,False,False,True,False,1.0,False,10000000000.0,0,,10000.0,BC,HalfCheetah-v2,25000,1.0,1.0,True,25000.0,-54086.35965596222,25721.985668488946,0.09709139168262483,0.06580327451229095,0.09709139168262483,57.64336360295614,,,
4,6000000,10,25,False,10,False,my_RL_experts,True,0.003,[512],mse,False,,,False,,,,,,False,10,10,128,False,,True,,,False,,0,,,BC,HalfCheetah-v2,25000,1.0,1.0,False,25000.0,1875.2593436050809,3952.8736054978376,0.13603183627128598,0.10961649566888808,0.13603183627128598,7.063624604543049,results/results-HalfCheetah-v2--exp0.csv,True,0.0
4,12000000,10,25,False,10,False,my_RL_experts,True,0.003,[512],mse,False,,,False,,,,,,False,10,10,128,False,,True,,,False,,0,,,BC,HalfCheetah-v2,25000,1.0,1.0,False,25000.0,-35890.05510291209,13290.702787065633,0.14187408983707428,0.11019137501716614,0.14187408983707428,14.120741184552507,results/results-HalfCheetah-v2--exp0.csv,True,1.0
4,18000000,10,25,False,10,False,my_RL_experts,True,0.003,[512],mse,False,,,False,,,,,,False,10,10,128,False,,True,,,False,,0,,,BC,HalfCheetah-v2,25000,1.0,1.0,False,25000.0,-70935.99379769605,42118.80824708059,0.12362311780452727,0.08842222392559053,0.12362311780452727,21.10520895719528,results/results-HalfCheetah-v2--exp0.csv,True,2.0
4,24000000,10,25,False,10,False,my_RL_experts,True,0.003,[512],mse,False,,,False,,,,,,False,10,10,128,False,,True,,,False,,0,,,BC,HalfCheetah-v2,25000,1.0,1.0,False,25000.0,-117017.96760862836,33970.39955897516,0.11382634192705154,0.07903993874788284,0.11382634192705154,28.254694847265878,results/results-HalfCheetah-v2--exp0.csv,True,3.0
4,30000000,10,25,False,10,False,my_RL_experts,True,0.003,[512],mse,False,,,False,,,,,,False,10,10,128,False,,True,,,False,,0,,,BC,HalfCheetah-v2,25000,1.0,1.0,False,25000.0,-84577.24014122676,61345.886630021356,0.12514229118824005,0.08687929064035416,0.12514229118824005,35.473761729399364,results/results-HalfCheetah-v2--exp0.csv,True,4.0
4,36000000,10,25,False,10,False,my_RL_experts,True,0.003,[512],mse,False,,,False,,,,,,False,10,10,128,False,,True,,,False,,0,,,BC,HalfCheetah-v2,25000,1.0,1.0,False,25000.0,-26102.11505625601,46252.645168285664,0.12167008221149445,0.08081945031881332,0.12167008221149445,42.521494078636174,results/results-HalfCheetah-v2--exp0.csv,True,5.0
4,42000000,10,25,False,10,False,my_RL_experts,True,0.003,[512],mse,False,,,False,,,,,,False,10,10,128,False,,True,,,False,,0,,,BC,HalfCheetah-v2,25000,1.0,1.0,False,25000.0,-46068.62407781383,22167.395928022735,0.11592239886522293,0.07492560893297195,0.11592239886522293,49.698979242642714,results/results-HalfCheetah-v2--exp0.csv,True,6.0
4,48000000,10,25,False,10,False,my_RL_experts,True,0.003,[512],mse,False,,,False,,,,,,False,10,10,128,False,,True,,,False,,0,,,BC,HalfCheetah-v2,25000,1.0,1.0,False,25000.0,-148668.95950171308,53317.42119867374,0.12000326812267305,0.07793150097131729,0.12000326812267305,57.0761767824491,results/results-HalfCheetah-v2--exp0.csv,True,7.0
4,54000000,10,25,False,10,False,my_RL_experts,True,0.003,[512],mse,False,,,False,,,,,,False,10,10,128,False,,True,,,False,,0,,,BC,HalfCheetah-v2,25000,1.0,1.0,False,25000.0,-117222.38460272065,38155.9838560174,0.13348624110221866,0.08791077136993407,0.13348624110221866,64.42210080623627,results/results-HalfCheetah-v2--exp0.csv,True,8.0
4,60000000,10,25,False,10,False,my_RL_experts,True,0.003,[512],mse,False,,,False,,,,,,False,10,10,128,False,,True,,,False,,0,,,BC,HalfCheetah-v2,25000,1.0,1.0,True,25000.0,-105744.76250875733,48086.31975592404,0.12561240792274475,0.08324368298053741,0.12561240792274475,76.257448387146,results/results-HalfCheetah-v2--exp0.csv,True,9.0
4,6000000,10,100,False,10,False,my_RL_experts,True,0.003,[512],mse,False,,,False,,,,,,False,10,10,128,False,,True,,,False,,0,,,BC,HalfCheetah-v2,100000,1.0,1.0,False,100000.0,2284.9467486758185,3316.9590593386324,0.13478614389896393,0.123286135494709,0.13478614389896393,8.475348277886706,results/results-HalfCheetah-v2--exp0.csv,True,0.0
4,12000000,10,100,False,10,False,my_RL_experts,True,0.003,[512],mse,False,,,False,,,,,,False,10,10,128,False,,True,,,False,,0,,,BC,HalfCheetah-v2,100000,1.0,1.0,False,100000.0,5350.303674683521,5483.887935735271,0.11417048424482346,0.10264335572719574,0.11417048424482346,17.055104235808056,results/results-HalfCheetah-v2--exp0.csv,True,1.0
4,18000000,10,100,False,10,False,my_RL_experts,True,0.003,[512],mse,False,,,False,,,,,,False,10,10,128,False,,True,,,False,,0,,,BC,HalfCheetah-v2,100000,1.0,1.0,False,100000.0,2283.169435611866,13647.225100069312,0.10957378894090652,0.09768670797348022,0.10957378894090652,25.67232824166616,results/results-HalfCheetah-v2--exp0.csv,True,2.0
4,24000000,10,100,False,10,False,my_RL_experts,True,0.003,[512],mse,False,,,False,,,,,,False,10,10,128,False,,True,,,False,,0,,,BC,HalfCheetah-v2,100000,1.0,1.0,False,100000.0,4555.892069093321,17227.790520855946,0.10976169258356094,0.09887873381376266,0.10976169258356094,34.23768217563629,results/results-HalfCheetah-v2--exp0.csv,True,3.0
4,30000000,10,100,False,10,False,my_RL_experts,True,0.003,[512],mse,False,,,False,,,,,,False,10,10,128,False,,True,,,False,,0,,,BC,HalfCheetah-v2,100000,1.0,1.0,False,100000.0,3130.943637908272,13294.18976429556,0.11651282012462615,0.10396159440279007,0.11651282012462615,42.80739705165227,results/results-HalfCheetah-v2--exp0.csv,True,4.0
4,36000000,10,100,False,10,False,my_RL_experts,True,0.003,[512],mse,False,,,False,,,,,,False,10,10,128,False,,True,,,False,,0,,,BC,HalfCheetah-v2,100000,1.0,1.0,False,100000.0,-27821.51785084042,47116.988206422386,0.10619214922189713,0.0939422845840454,0.10619214922189713,51.725057498614,results/results-HalfCheetah-v2--exp0.csv,True,5.0
4,42000000,10,100,False,10,False,my_RL_experts,True,0.003,[512],mse,False,,,False,,,,,,False,10,10,128,False,,True,,,False,,0,,,BC,HalfCheetah-v2,100000,1.0,1.0,False,100000.0,-7069.462442999,26515.996180682418,0.10031472146511078,0.0862312987446785,0.10031472146511078,60.54519034226736,results/results-HalfCheetah-v2--exp0.csv,True,6.0
4,48000000,10,100,False,10,False,my_RL_experts,True,0.003,[512],mse,False,,,False,,,,,,False,10,10,128,False,,True,,,False,,0,,,BC,HalfCheetah-v2,100000,1.0,1.0,False,100000.0,-1426.5363347831747,23520.387525874303,0.09688559919595716,0.08463140577077866,0.09688559919595716,68.95877314805985,results/results-HalfCheetah-v2--exp0.csv,True,7.0
4,54000000,10,100,False,10,False,my_RL_experts,True,0.003,[512],mse,False,,,False,,,,,,False,10,10,128,False,,True,,,False,,0,,,BC,HalfCheetah-v2,100000,1.0,1.0,False,100000.0,3853.931213718034,22194.221845975386,0.10692858695983888,0.09372369199991226,0.10692858695983888,77.2818050901095,results/results-HalfCheetah-v2--exp0.csv,True,8.0
4,60000000,10,100,False,10,False,my_RL_experts,True,0.003,[512],mse,False,,,False,,,,,,False,10,10,128,False,,True,,,False,,0,,,BC,HalfCheetah-v2,100000,1.0,1.0,True,100000.0,-1822.4874882032784,31317.465370883456,0.0986720249056816,0.08425180613994597,0.0986720249056816,89.58451296488444,results/results-HalfCheetah-v2--exp0.csv,True,9.0
4,10000000,10,25,False,10,False,my_RL_experts,True,0.001,[512],mse,False,,,False,,,,,,False,10,10,128,False,,True,,,False,,0,,,BC,HalfCheetah-v2,25000,1.0,1.0,False,25000.0,1373.0482480255855,1824.1274505162592,0.1357736885547638,0.10537738353013992,0.1357736885547638,11.516708517074585,results/results-HalfCheetah-v2--exp0.csv,True,0.0
4,20000000,10,25,False,10,False,my_RL_experts,True,0.001,[512],mse,False,,,False,,,,,,False,10,10,128,False,,True,,,False,,0,,,BC,HalfCheetah-v2,25000,1.0,1.0,False,25000.0,1811.9370967692105,3682.141533458179,0.12098585069179535,0.08684802800416946,0.12098585069179535,22.95622744957606,results/results-HalfCheetah-v2--exp0.csv,True,1.0
4,30000000,10,25,False,10,False,my_RL_experts,True,0.001,[512],mse,False,,,False,,,,,,False,10,10,128,False,,True,,,False,,0,,,BC,HalfCheetah-v2,25000,1.0,1.0,False,25000.0,5700.668499592863,3508.5201748672944,0.10490593314170836,0.06997637450695038,0.10490593314170836,34.58884926637014,results/results-HalfCheetah-v2--exp0.csv,True,2.0
4,40000000,10,25,False,10,False,my_RL_experts,True,0.001,[512],mse,False,,,False,,,,,,False,10,10,128,False,,True,,,False,,0,,,BC,HalfCheetah-v2,25000,1.0,1.0,False,25000.0,-235.39728560544154,8730.809858299921,0.09927548468112946,0.06342948973178864,0.09927548468112946,46.11661701599757,results/results-HalfCheetah-v2--exp0.csv,True,3.0
4,50000000,10,25,False,10,False,my_RL_experts,True,0.001,[512],mse,False,,,False,,,,,,False,10,10,128,False,,True,,,False,,0,,,BC,HalfCheetah-v2,25000,1.0,1.0,False,25000.0,3321.495936578224,4888.06392582771,0.10199274867773056,0.06457857787609099,0.10199274867773056,58.13180048863094,results/results-HalfCheetah-v2--exp0.csv,True,4.0
4,60000000,10,25,False,10,False,my_RL_experts,True,0.001,[512],mse,False,,,False,,,,,,False,10,10,128,False,,True,,,False,,0,,,BC,HalfCheetah-v2,25000,1.0,1.0,False,25000.0,2166.1051876119304,3083.3416496818754,0.09434392303228377,0.056313443928956985,0.09434392303228377,69.82633490959803,results/results-HalfCheetah-v2--exp0.csv,True,5.0
4,70000000,10,25,False,10,False,my_RL_experts,True,0.001,[512],mse,False,,,False,,,,,,False,10,10,128,False,,True,,,False,,0,,,BC,HalfCheetah-v2,25000,1.0,1.0,False,25000.0,184.39405170248668,9685.562641489962,0.09798991680145264,0.05867227539420127,0.09798991680145264,81.09830350478491,results/results-HalfCheetah-v2--exp0.csv,True,6.0
4,80000000,10,25,False,10,False,my_RL_experts,True,0.001,[512],mse,False,,,False,,,,,,False,10,10,128,False,,True,,,False,,0,,,BC,HalfCheetah-v2,25000,1.0,1.0,False,25000.0,1441.4753511013193,9737.849857403928,0.10215245932340622,0.06391728669404984,0.10215245932340622,92.95244220097858,results/results-HalfCheetah-v2--exp0.csv,True,7.0
4,90000000,10,25,False,10,False,my_RL_experts,True,0.001,[512],mse,False,,,False,,,,,,False,10,10,128,False,,True,,,False,,0,,,BC,HalfCheetah-v2,25000,1.0,1.0,False,25000.0,3987.814607303469,6161.188455899522,0.0980224460363388,0.057333163917064674,0.0980224460363388,103.84086864789327,results/results-HalfCheetah-v2--exp0.csv,True,8.0
4,100000000,10,25,False,10,False,my_RL_experts,True,0.001,[512],mse,False,,,False,,,,,,False,10,10,128,False,,True,,,False,,0,,,BC,HalfCheetah-v2,25000,1.0,1.0,True,25000.0,3906.642987591853,7963.269402645681,0.08648474514484407,0.04676251858472824,0.08648474514484407,118.81337184906006,results/results-HalfCheetah-v2--exp0.csv,True,9.0
4,6000000,10,200,False,10,False,my_RL_experts,True,0.003,[512],mse,False,,,False,,,,,,False,10,10,128,False,,True,,,False,,0,,,BC,HalfCheetah-v2,200000,1.0,1.0,False,200000.0,1356.3683047492086,3299.6671201784297,0.1289319545030594,0.12069340795278548,0.1289319545030594,8.349852569897969,results/results-HalfCheetah-v2--exp0.csv,False,0.0
4,12000000,10,200,False,10,False,my_RL_experts,True,0.003,[512],mse,False,,,False,,,,,,False,10,10,128,False,,True,,,False,,0,,,BC,HalfCheetah-v2,200000,1.0,1.0,False,200000.0,5579.8887457954725,4364.308331606942,0.1372688114643097,0.128156840801239,0.1372688114643097,16.956036603450777,results/results-HalfCheetah-v2--exp0.csv,False,1.0
4,18000000,10,200,False,10,False,my_RL_experts,True,0.003,[512],mse,False,,,False,,,,,,False,10,10,128,False,,True,,,False,,0,,,BC,HalfCheetah-v2,200000,1.0,1.0,False,200000.0,6800.1898030373595,5151.252044492885,0.11214743554592133,0.10298258811235428,0.11214743554592133,25.80662531455357,results/results-HalfCheetah-v2--exp0.csv,False,2.0
4,24000000,10,200,False,10,False,my_RL_experts,True,0.003,[512],mse,False,,,False,,,,,,False,10,10,128,False,,True,,,False,,0,,,BC,HalfCheetah-v2,200000,1.0,1.0,False,200000.0,6945.552910404142,4636.762984366621,0.11013033241033554,0.10216257721185684,0.11013033241033554,34.68828181823095,results/results-HalfCheetah-v2--exp0.csv,False,3.0
4,30000000,10,200,False,10,False,my_RL_experts,True,0.003,[512],mse,False,,,False,,,,,,False,10,10,128,False,,True,,,False,,0,,,BC,HalfCheetah-v2,200000,1.0,1.0,False,200000.0,4670.968439487106,6035.324370796922,0.104973666369915,0.09663128852844237,0.104973666369915,43.577208546797436,results/results-HalfCheetah-v2--exp0.csv,False,4.0
4,36000000,10,200,False,10,False,my_RL_experts,True,0.003,[512],mse,False,,,False,,,,,,False,10,10,128,False,,True,,,False,,0,,,BC,HalfCheetah-v2,200000,1.0,1.0,False,200000.0,5957.613596665403,5744.174731371526,0.09725018590688704,0.08844263851642609,0.09725018590688704,52.81714631319046,results/results-HalfCheetah-v2--exp0.csv,False,5.0
4,42000000,10,200,False,10,False,my_RL_experts,True,0.003,[512],mse,False,,,False,,,,,,False,10,10,128,False,,True,,,False,,0,,,BC,HalfCheetah-v2,200000,1.0,1.0,False,200000.0,8305.63176689107,5587.052010751593,0.09940873086452484,0.0915381833910942,0.09940873086452484,62.155190499623615,results/results-HalfCheetah-v2--exp0.csv,False,6.0
4,48000000,10,200,False,10,False,my_RL_experts,True,0.003,[512],mse,False,,,False,,,,,,False,10,10,128,False,,True,,,False,,0,,,BC,HalfCheetah-v2,200000,1.0,1.0,False,200000.0,6023.26073626675,15912.269173925193,0.1173260360956192,0.10905875265598296,0.1173260360956192,71.28345751365026,results/results-HalfCheetah-v2--exp0.csv,False,7.0
4,54000000,10,200,False,10,False,my_RL_experts,True,0.003,[512],mse,False,,,False,,,,,,False,10,10,128,False,,True,,,False,,0,,,BC,HalfCheetah-v2,200000,1.0,1.0,False,200000.0,5532.875820226417,6626.812392554552,0.09909626096487044,0.092001311480999,0.09909626096487044,80.50085862080256,results/results-HalfCheetah-v2--exp0.csv,False,8.0
4,60000000,10,200,False,10,False,my_RL_experts,True,0.003,[512],mse,False,,,False,,,,,,False,10,10,128,False,,True,,,False,,0,,,BC,HalfCheetah-v2,200000,1.0,1.0,True,200000.0,2942.4133852146497,6962.453227805155,0.09591744095087053,0.08611073344945908,0.09591744095087053,87.32791939973829,results/results-HalfCheetah-v2--exp0.csv,False,9.0
4,12000000,10,500,False,5,False,my_RL_experts,True,0.001,[512],mse,False,,,False,,,,,,False,10,10,128,False,,True,,,False,,0,,,BC,HalfCheetah-v2,500000,1.0,1.0,False,500000.0,7345.460470500797,3169.7595827802024,0.09238501638174056,0.08944685757160188,0.09238501638174056,20.956297353903448,results/results-HalfCheetah-v2--exp0.csv,False,0.0
4,24000000,10,500,False,5,False,my_RL_experts,True,0.001,[512],mse,False,,,False,,,,,,False,10,10,128,False,,True,,,False,,0,,,BC,HalfCheetah-v2,500000,1.0,1.0,False,500000.0,7592.577670288093,3928.7245645228254,0.08065839856863022,0.07663918286561966,0.08065839856863022,42.07724542617798,results/results-HalfCheetah-v2--exp0.csv,False,1.0
4,36000000,10,500,False,5,False,my_RL_experts,True,0.001,[512],mse,False,,,False,,,,,,False,10,10,128,False,,True,,,False,,0,,,BC,HalfCheetah-v2,500000,1.0,1.0,False,500000.0,8814.266659932886,3004.558331526144,0.07683391124010086,0.07196758687496185,0.07683391124010086,63.61758534908294,results/results-HalfCheetah-v2--exp0.csv,False,2.0
4,48000000,10,500,False,5,False,my_RL_experts,True,0.001,[512],mse,False,,,False,,,,,,False,10,10,128,False,,True,,,False,,0,,,BC,HalfCheetah-v2,500000,1.0,1.0,False,500000.0,7735.663123183133,4057.21172223476,0.07038405537605286,0.06579552590847015,0.07038405537605286,85.19131330251693,results/results-HalfCheetah-v2--exp0.csv,False,3.0
4,60000000,10,500,False,5,False,my_RL_experts,True,0.001,[512],mse,False,,,False,,,,,,False,10,10,128,False,,True,,,False,,0,,,BC,HalfCheetah-v2,500000,1.0,1.0,True,500000.0,10156.183554527297,284.6507435194544,0.07757256180047989,0.07300631701946259,0.07757256180047989,99.75343328317007,results/results-HalfCheetah-v2--exp0.csv,False,4.0
4,12000000,10,500,False,5,False,my_RL_experts,True,0.0001,[512],mse,False,,,False,,,,,,False,10,10,128,False,,True,,,False,,0,,,BC,HalfCheetah-v2,500000,1.0,1.0,False,500000.0,323.4345156432542,3193.5833607152117,0.14605410397052765,0.13848699629306793,0.14605410397052765,20.995352617899574,results/results-HalfCheetah-v2--exp0.csv,False,0.0
4,24000000,10,500,False,5,False,my_RL_experts,True,0.0001,[512],mse,False,,,False,,,,,,False,10,10,128,False,,True,,,False,,0,,,BC,HalfCheetah-v2,500000,1.0,1.0,False,500000.0,5027.185630480901,3802.479494896784,0.11931760609149933,0.11215613037347794,0.11931760609149933,42.266846815745026,results/results-HalfCheetah-v2--exp0.csv,False,1.0
4,36000000,10,500,False,5,False,my_RL_experts,True,0.0001,[512],mse,False,,,False,,,,,,False,10,10,128,False,,True,,,False,,0,,,BC,HalfCheetah-v2,500000,1.0,1.0,False,500000.0,4726.228620625097,4722.438537996774,0.10725323855876924,0.10036224126815796,0.10725323855876924,63.93851602077484,results/results-HalfCheetah-v2--exp0.csv,False,2.0
4,48000000,10,500,False,5,False,my_RL_experts,True,0.0001,[512],mse,False,,,False,,,,,,False,10,10,128,False,,True,,,False,,0,,,BC,HalfCheetah-v2,500000,1.0,1.0,False,500000.0,4487.412209609651,5503.301031732214,0.09729304164648056,0.09021633863449097,0.09729304164648056,85.59171155691145,results/results-HalfCheetah-v2--exp0.csv,False,3.0
4,60000000,10,500,False,5,False,my_RL_experts,True,0.0001,[512],mse,False,,,False,,,,,,False,10,10,128,False,,True,,,False,,0,,,BC,HalfCheetah-v2,500000,1.0,1.0,True,500000.0,7894.942732230951,2822.7929516389117,0.09137563407421112,0.08461520075798035,0.09137563407421112,100.22985825538635,results/results-HalfCheetah-v2--exp0.csv,False,4.0
4,6000000,10,25,False,10,False,my_RL_experts,True,0.003,[512],mse,False,,,False,,,,,,False,10,10,128,False,,True,,,False,,0,,1000.0,BC,HalfCheetah-v2,25000,1.0,1.0,False,25000.0,-30262.892845665443,23984.797847718048,0.1365305483341217,0.11052876710891724,0.1365305483341217,5.099520909786224,results/results-HalfCheetah-v2--exp0.csv,True,0.0
4,12000000,10,25,False,10,False,my_RL_experts,True,0.003,[512],mse,False,,,False,,,,,,False,10,10,128,False,,True,,,False,,0,,1000.0,BC,HalfCheetah-v2,25000,1.0,1.0,False,25000.0,-3517.21349101392,26580.685438356395,0.12377680838108066,0.08974063396453857,0.12377680838108066,10.22641548315684,results/results-HalfCheetah-v2--exp0.csv,True,1.0
4,18000000,10,25,False,10,False,my_RL_experts,True,0.003,[512],mse,False,,,False,,,,,,False,10,10,128,False,,True,,,False,,0,,1000.0,BC,HalfCheetah-v2,25000,1.0,1.0,False,25000.0,-2007.12416238352,9198.158912568482,0.12827652692794805,0.09342658519744873,0.12827652692794805,15.170688712596895,results/results-HalfCheetah-v2--exp0.csv,True,2.0
4,24000000,10,25,False,10,False,my_RL_experts,True,0.003,[512],mse,False,,,False,,,,,,False,10,10,128,False,,True,,,False,,0,,1000.0,BC,HalfCheetah-v2,25000,1.0,1.0,False,25000.0,-47911.72446091153,32126.51715214889,0.1312820464372635,0.09975527971982956,0.1312820464372635,20.1228577653567,results/results-HalfCheetah-v2--exp0.csv,True,3.0
4,30000000,10,25,False,10,False,my_RL_experts,True,0.003,[512],mse,False,,,False,,,,,,False,10,10,128,False,,True,,,False,,0,,1000.0,BC,HalfCheetah-v2,25000,1.0,1.0,False,25000.0,-33012.401270273964,41365.776494699705,0.12374582886695862,0.08900760114192963,0.12374582886695862,25.038940795262647,results/results-HalfCheetah-v2--exp0.csv,True,4.0
4,36000000,10,25,False,10,False,my_RL_experts,True,0.003,[512],mse,False,,,False,,,,,,False,10,10,128,False,,True,,,False,,0,,1000.0,BC,HalfCheetah-v2,25000,1.0,1.0,False,25000.0,-46277.79791144517,76901.58918714023,0.11691716313362124,0.07903951406478882,0.11691716313362124,29.940564787387853,results/results-HalfCheetah-v2--exp0.csv,True,5.0
4,42000000,10,25,False,10,False,my_RL_experts,True,0.003,[512],mse,False,,,False,,,,,,False,10,10,128,False,,True,,,False,,0,,1000.0,BC,HalfCheetah-v2,25000,1.0,1.0,False,25000.0,-31862.388365593637,44967.610441358585,0.1168202906847,0.08014460653066635,0.1168202906847,34.83383125861486,results/results-HalfCheetah-v2--exp0.csv,True,6.0
4,48000000,10,25,False,10,False,my_RL_experts,True,0.003,[512],mse,False,,,False,,,,,,False,10,10,128,False,,True,,,False,,0,,1000.0,BC,HalfCheetah-v2,25000,1.0,1.0,False,25000.0,-72030.05548913771,66759.18796489987,0.12252075225114822,0.08272376656532288,0.12252075225114822,39.82450428406398,results/results-HalfCheetah-v2--exp0.csv,True,7.0
4,54000000,10,25,False,10,False,my_RL_experts,True,0.003,[512],mse,False,,,False,,,,,,False,10,10,128,False,,True,,,False,,0,,1000.0,BC,HalfCheetah-v2,25000,1.0,1.0,False,25000.0,-92480.84118481909,66627.94866150497,0.11737556010484695,0.07741206884384155,0.11737556010484695,44.88451674381892,results/results-HalfCheetah-v2--exp0.csv,True,8.0
4,60000000,10,25,False,10,False,my_RL_experts,True,0.003,[512],mse,False,,,False,,,,,,False,10,10,128,False,,True,,,False,,0,,1000.0,BC,HalfCheetah-v2,25000,1.0,1.0,True,25000.0,-5145.676616943127,6040.049975561025,0.11579170823097228,0.07294361293315887,0.11579170823097228,54.70310136079788,results/results-HalfCheetah-v2--exp0.csv,True,9.0
4,6000000,10,25,False,10,False,my_RL_experts,True,0.003,[512],mse,False,,,False,,,,,,False,10,10,128,False,,True,,,False,,0,,1000.0,BC,HalfCheetah-v2,25000,1.0,1.0,False,25000.0,-2341.4534367125502,6310.8575442883775,0.13137443363666534,0.1018771305680275,0.13137443363666534,4.936501614252727,results/results-HalfCheetah-v2--exp0.csv,True,0.0
4,12000000,10,25,False,10,False,my_RL_experts,True,0.003,[512],mse,False,,,False,,,,,,False,10,10,128,False,,True,,,False,,0,,1000.0,BC,HalfCheetah-v2,25000,1.0,1.0,False,25000.0,-123282.60973361119,49201.48759238538,0.13105084002017975,0.10505570471286774,0.13105084002017975,9.856185964743297,results/results-HalfCheetah-v2--exp0.csv,True,1.0
4,18000000,10,25,False,10,False,my_RL_experts,True,0.003,[512],mse,False,,,False,,,,,,False,10,10,128,False,,True,,,False,,0,,1000.0,BC,HalfCheetah-v2,25000,1.0,1.0,False,25000.0,-182230.45527665172,124829.12293784428,0.1264600157737732,0.09177881479263306,0.1264600157737732,14.769300131003062,results/results-HalfCheetah-v2--exp0.csv,True,2.0
4,24000000,10,25,False,10,False,my_RL_experts,True,0.003,[512],mse,False,,,False,,,,,,False,10,10,128,False,,True,,,False,,0,,1000.0,BC,HalfCheetah-v2,25000,1.0,1.0,False,25000.0,-106067.72011302297,117514.19696294393,0.12572771310806274,0.09247779101133348,0.12572771310806274,19.64367342789968,results/results-HalfCheetah-v2--exp0.csv,True,3.0
4,30000000,10,25,False,10,False,my_RL_experts,True,0.003,[512],mse,False,,,False,,,,,,False,10,10,128,False,,True,,,False,,0,,1000.0,BC,HalfCheetah-v2,25000,1.0,1.0,False,25000.0,-280399.86500985303,91778.46527189556,0.11819402873516086,0.08459775149822235,0.11819402873516086,24.5259601632754,results/results-HalfCheetah-v2--exp0.csv,True,4.0
4,36000000,10,25,False,10,False,my_RL_experts,True,0.003,[512],mse,False,,,False,,,,,,False,10,10,128,False,,True,,,False,,0,,1000.0,BC,HalfCheetah-v2,25000,1.0,1.0,False,25000.0,-219798.85108354106,77473.44171644122,0.1292998343706131,0.09287714958190918,0.1292998343706131,29.50358861287435,results/results-HalfCheetah-v2--exp0.csv,True,5.0
4,42000000,10,25,False,10,False,my_RL_experts,True,0.003,[512],mse,False,,,False,,,,,,False,10,10,128,False,,True,,,False,,0,,1000.0,BC,HalfCheetah-v2,25000,1.0,1.0,False,25000.0,-381929.4139346113,79041.24218777035,0.1216197982430458,0.08795260637998581,0.1216197982430458,34.56935759385427,results/results-HalfCheetah-v2--exp0.csv,True,6.0
4,48000000,10,25,False,10,False,my_RL_experts,True,0.003,[512],mse,False,,,False,,,,,,False,10,10,128,False,,True,,,False,,0,,1000.0,BC,HalfCheetah-v2,25000,1.0,1.0,False,25000.0,-292815.014326288,88209.74587173447,0.11381179094314575,0.07805704325437546,0.11381179094314575,39.52207722663879,results/results-HalfCheetah-v2--exp0.csv,True,7.0
4,54000000,10,25,False,10,False,my_RL_experts,True,0.003,[512],mse,False,,,False,,,,,,False,10,10,128,False,,True,,,False,,0,,1000.0,BC,HalfCheetah-v2,25000,1.0,1.0,False,25000.0,-394624.4272884224,104728.70873787724,0.11394036561250688,0.07389529794454575,0.11394036561250688,44.230580107371004,results/results-HalfCheetah-v2--exp0.csv,True,8.0
4,60000000,10,25,False,10,False,my_RL_experts,True,0.003,[512],mse,False,,,False,,,,,,False,10,10,128,False,,True,,,False,,0,,1000.0,BC,HalfCheetah-v2,25000,1.0,1.0,True,25000.0,-347569.16309948463,77943.48705002849,0.11352131515741347,0.07716626673936844,0.11352131515741347,53.38421687285107,results/results-HalfCheetah-v2--exp0.csv,True,9.0
4,6000000,10,25,False,10,False,my_RL_experts,True,0.003,[512],mse,False,,,False,,,,,,False,10,10,128,False,,True,,,False,,0,,1000.0,BC,HalfCheetah-v2,25000,1.0,1.0,False,25000.0,-22956.194666879637,19907.10538298477,0.1340576410293579,0.10459315776824953,0.1340576410293579,4.308449975649515,results/results-HalfCheetah-v2--exp0.csv,True,0.0
4,12000000,10,25,False,10,False,my_RL_experts,True,0.003,[512],mse,False,,,False,,,,,,False,10,10,128,False,,True,,,False,,0,,1000.0,BC,HalfCheetah-v2,25000,1.0,1.0,False,25000.0,-32075.741037923937,26583.668184124923,0.13277827203273773,0.10107581317424774,0.13277827203273773,8.279213404655456,results/results-HalfCheetah-v2--exp0.csv,True,1.0
4,18000000,10,25,False,10,False,my_RL_experts,True,0.003,[512],mse,False,,,False,,,,,,False,10,10,128,False,,True,,,False,,0,,1000.0,BC,HalfCheetah-v2,25000,1.0,1.0,False,25000.0,-65157.326098686426,17781.84037012731,0.11915872991085052,0.08828455954790115,0.11915872991085052,12.130679500102994,results/results-HalfCheetah-v2--exp0.csv,True,2.0
4,24000000,10,25,False,10,False,my_RL_experts,True,0.003,[512],mse,False,,,False,,,,,,False,10,10,128,False,,True,,,False,,0,,1000.0,BC,HalfCheetah-v2,25000,1.0,1.0,False,25000.0,-18842.84424155232,26743.678714190966,0.12010493129491805,0.08596301078796388,0.12010493129491805,15.904109938939412,results/results-HalfCheetah-v2--exp0.csv,True,3.0
4,30000000,10,25,False,10,False,my_RL_experts,True,0.003,[512],mse,False,,,False,,,,,,False,10,10,128,False,,True,,,False,,0,,1000.0,BC,HalfCheetah-v2,25000,1.0,1.0,False,25000.0,-54733.969924001096,57686.44163627039,0.1164969876408577,0.08363305032253265,0.1164969876408577,19.68228150208791,results/results-HalfCheetah-v2--exp0.csv,True,4.0
4,36000000,10,25,False,10,False,my_RL_experts,True,0.003,[512],mse,False,,,False,,,,,,False,10,10,128,False,,True,,,False,,0,,1000.0,BC,HalfCheetah-v2,25000,1.0,1.0,False,25000.0,-109223.77532720313,58483.98563818769,0.10979140549898148,0.07575438171625137,0.10979140549898148,23.461795767148327,results/results-HalfCheetah-v2--exp0.csv,True,5.0
4,42000000,10,25,False,10,False,my_RL_experts,True,0.003,[512],mse,False,,,False,,,,,,False,10,10,128,False,,True,,,False,,0,,1000.0,BC,HalfCheetah-v2,25000,1.0,1.0,False,25000.0,-85008.3165870368,46695.44947278701,0.1115606725215912,0.0808805450797081,0.1115606725215912,27.244114851951604,results/results-HalfCheetah-v2--exp0.csv,True,6.0
4,48000000,10,25,False,10,False,my_RL_experts,True,0.003,[512],mse,False,,,False,,,,,,False,10,10,128,False,,True,,,False,,0,,1000.0,BC,HalfCheetah-v2,25000,1.0,1.0,False,25000.0,-1194.6525817905044,4594.35888976625,0.11263638734817505,0.07891472429037094,0.11263638734817505,31.067275563875842,results/results-HalfCheetah-v2--exp0.csv,True,7.0
4,54000000,10,25,False,10,False,my_RL_experts,True,0.003,[512],mse,False,,,False,,,,,,False,10,10,128,False,,True,,,False,,0,,1000.0,BC,HalfCheetah-v2,25000,1.0,1.0,False,25000.0,-6499.928866299519,19081.940862299587,0.11938101798295975,0.0792730301618576,0.11938101798295975,34.868451253573106,results/results-HalfCheetah-v2--exp0.csv,True,8.0
4,60000000,10,25,False,10,False,my_RL_experts,True,0.003,[512],mse,False,,,False,,,,,,False,10,10,128,False,,True,,,False,,0,,1000.0,BC,HalfCheetah-v2,25000,1.0,1.0,True,25000.0,-67912.84836995647,46427.358763339034,0.12529972195625305,0.08549770712852478,0.12529972195625305,43.9497279127439,results/results-HalfCheetah-v2--exp0.csv,True,9.0
4,1000000,10,500,False,1,False,my_RL_experts,True,0.01,[512],mse,False,,,False,,,,,,False,10,10,128,False,,True,,,False,,0,,,BC,HalfCheetah-v2,500000,1.0,1.0,True,500000.0,-262.1297771260878,181.81844941871682,0.23658049106597895,0.2336811721324921,0.23658049106597895,0.8748173991839091,results/results-HalfCheetah-v2--exp0.csv,False,0.0
4,1000000,10,500,False,1,False,my_RL_experts,True,0.01,[512],mae,False,,,False,,,,,,False,10,10,128,False,,True,,,False,,0,,,BC,HalfCheetah-v2,500000,1.0,1.0,True,500000.0,447.1689561045338,1401.7774420643589,0.3895227015018463,0.38467076420784,0.3895227015018463,0.8914158145586649,results/results-HalfCheetah-v2--exp0.csv,False,0.0
4,1000000,10,500,False,1,False,my_RL_experts,True,0.01,[512],logcosh,False,,,False,,,,,,False,10,10,128,False,,True,,,False,,0,,,BC,HalfCheetah-v2,500000,1.0,1.0,True,499999.99999999994,390.6240206592976,393.3654024960574,0.11659731715917587,0.1121593490242958,0.11659731715917587,0.8415415207544963,results/results-HalfCheetah-v2--exp0.csv,False,0.0
